Website,Status,Comment
https://www.fledger.co.uk/home/,Present ,"But not optimized, we need to have main word ""accounting software"", ""business software"" if possible-  https://prnt.sc/D8dfzH0u7Wkn"
,Description suggestion,"Explore Fledger accounting software and its powerful tools  to manage expenses, create professional invoices, track your expenses, and much more – all in one business solution."
,Title/Heading,All-in-One Accounting Software Built for You
,,
https://www.fledger.co.uk/features/,Missing,Explore Fledger Features
,,
https://www.fledger.co.uk/pricing/,Missing,Choose your perfect plan
,,
https://www.fledger.co.uk/contact/,Missing,We’d love to talk to you
,,
https://www.fledger.co.uk/about/,Missing,Fledger is here to assist you manage your accounting.
,,
https://www.fledger.co.uk/faq/,Missing,Frequently asked questions
,,
https://www.fledger.co.uk/privacy/,Present,No change required
,,
https://www.fledger.co.uk/terms-of-use/,Present,No change required
,,
https://www.fledger.co.uk/blog/,Missing,Latest blog & articles