,"<!-- HTML Meta Tags -->
<title>Fledger
</title>
<meta name=""description"" content=""Fledger is a cloud-based accounting software that helps you manage your finances, track your income and expenses, and get insights into your business. It's easy to use and integrates with your bank accounts and other financial tools.
"">

<!-- Facebook Meta Tags -->
<meta property=""og:url"" content=""https://fledger.co.uk/home/"">
<meta property=""og:type"" content=""website"">
<meta property=""og:title"" content=""Fledger
"">
<meta property=""og:description"" content=""Fledger is a cloud-based accounting software that helps you manage your finances, track your income and expenses, and get insights into your business. It's easy to use and integrates with your bank accounts and other financial tools.
"">
<meta property=""og:image"" content=""https://fledger.co.ukundefined"">

<!-- Twitter Meta Tags -->
<meta name=""twitter:card"" content=""summary_large_image"">
<meta property=""twitter:domain"" content=""fledger.co.uk"">
<meta property=""twitter:url"" content=""https://fledger.co.uk/home/"">
<meta name=""twitter:title"" content=""Fledger
"">
<meta name=""twitter:description"" content=""Fledger is a cloud-based accounting software that helps you manage your finances, track your income and expenses, and get insights into your business. It's easy to use and integrates with your bank accounts and other financial tools.
"">
<meta name=""twitter:image"" content=""https://fledger.co.ukundefined"">

<!-- Meta Tags Generated via https://www.opengraph.xyz -->"
https://fledger.co.uk/home/,"<!-- HTML Meta Tags -->
<title>Fledger | Smart Finance & Accounting for Modern Businesses</title>Fledger | Smart Finance & Accounting for Modern Businesses
<meta name=""description"" content=""Fledger helps UK businesses manage accounting, cash flow, invoicing, and forecasting with ease. A smart financial platform designed for founders and finance teams"">

<!-- Facebook Meta Tags -->
<meta property=""og:url"" content=""https://fledger.co.uk/home/"">
<meta property=""og:type"" content=""website"">
<meta property=""og:title"" content=""Fledger | Smart Finance & Accounting for Modern Businesses"">
<meta property=""og:description"" content=""Fledger helps UK businesses manage accounting, cash flow, invoicing, and forecasting with ease. A smart financial platform designed for founders and finance teams"">
<meta property=""og:image"" content=""https://fledger.co.uk/assets/imgs/home/fledger_dashboard_image.svg"">

<!-- Twitter Meta Tags -->
<meta name=""twitter:card"" content=""summary_large_image"">
<meta property=""twitter:domain"" content=""fledger.co.uk"">
<meta property=""twitter:url"" content=""https://fledger.co.uk/home/"">
<meta name=""twitter:title"" content=""Fledger | Smart Finance & Accounting for Modern Businesses"">
<meta name=""twitter:description"" content=""Fledger helps UK businesses manage accounting, cash flow, invoicing, and forecasting with ease. A smart financial platform designed for founders and finance teams"">
<meta name=""twitter:image"" content=""https://fledger.co.uk/assets/imgs/home/fledger_dashboard_image.svg"">

<!-- Meta Tags Generated via https://www.opengraph.xyz -->"
https://fledger.co.uk/features/,"<!-- HTML Meta Tags -->
<title>Fledger Features | Smart Accounting & Financial Tools for UK Businesses</title> Fledger Features | Smart Accounting & Financial Tools for UK Businesses
<meta name=""description"" content=""Explore Fledger’s powerful features—cash flow forecasting, invoicing, real-time reporting, and automation tools designed for UK startups and SMEs"">

<!-- Facebook Meta Tags -->
<meta property=""og:url"" content=""https://fledger.co.uk/features/"">
<meta property=""og:type"" content=""website"">
<meta property=""og:title"" content=""Fledger Features | Smart Accounting & Financial Tools for UK Businesses"">
<meta property=""og:description"" content=""Explore Fledger’s powerful features—cash flow forecasting, invoicing, real-time reporting, and automation tools designed for UK startups and SMEs"">
<meta property=""og:image"" content=""https://fledger.co.uk/assets/imgs/feature/dahsboardImageForFeature.svg"">

<!-- Twitter Meta Tags -->
<meta name=""twitter:card"" content=""summary_large_image"">
<meta property=""twitter:domain"" content=""fledger.co.uk"">
<meta property=""twitter:url"" content=""https://fledger.co.uk/features/"">
<meta name=""twitter:title"" content=""Fledger Features | Smart Accounting & Financial Tools for UK Businesses"">
<meta name=""twitter:description"" content=""Explore Fledger’s powerful features—cash flow forecasting, invoicing, real-time reporting, and automation tools designed for UK startups and SMEs"">
<meta name=""twitter:image"" content=""https://fledger.co.uk/assets/imgs/feature/dahsboardImageForFeature.svg"">

<!-- Meta Tags Generated via https://www.opengraph.xyz -->"
https://www.fledger.co.uk/pricing/,"""<!-- HTML Meta Tags -->
<title>Fledger Pricing | Simple & Transparent Plans for Growing Businesses</title> Fledger Pricing | Simple & Transparent Plans for Growing Businesses
<meta name=""""description"""" content=""""Choose the right Fledger plan for your business. Transparent pricing for smart accounting, cash flow forecasting, invoicing, and more—tailored for UK startups and SMEs."""">

<!-- Facebook Meta Tags -->
<meta property=""""og:url"""" content=""""https://fledger.co.uk/pricing/"""">
<meta property=""""og:type"""" content=""""website"""">
<meta property=""""og:title"""" content=""""Fledger Pricing | Simple & Transparent Plans for Growing Businesses"""">
<meta property=""""og:description"""" content=""""Choose the right Fledger plan for your business. Transparent pricing for smart accounting, cash flow forecasting, invoicing, and more—tailored for UK startups and SMEs."""">
<meta property=""""og:image"""" content=""""https://www.fledger.co.uk/assets/imgs/home/fledger_dashboard_image.svg"""">

<!-- Twitter Meta Tags -->
<meta name=""""twitter:card"""" content=""""summary_large_image"""">
<meta property=""""twitter:domain"""" content=""""fledger.co.uk"""">
<meta property=""""twitter:url"""" content=""""https://fledger.co.uk/pricing/"""">
<meta name=""""twitter:title"""" content=""""Fledger Pricing | Simple & Transparent Plans for Growing Businesses"""">
<meta name=""""twitter:description"""" content=""""Choose the right Fledger plan for your business. Transparent pricing for smart accounting, cash flow forecasting, invoicing, and more—tailored for UK startups and SMEs."""">
<meta name=""""twitter:image"""" content=""""https://www.fledger.co.uk/assets/imgs/home/fledger_dashboard_image.svg"""">

<!-- Meta Tags Generated via https://www.opengraph.xyz -->"""
https://fledger.co.uk/contact/,"<!-- HTML Meta Tags -->
<title>Contact Fledger | Get in Touch with Our Finance Experts</title>Contact Fledger | Get in Touch with Our Finance Experts
<meta name=""description"" content=""Need help or have questions about Fledger’s smart finance tools? Contact our team for support, product inquiries, partnerships, or general assistance."">

<!-- Facebook Meta Tags -->
<meta property=""og:url"" content=""https://www.fledger.co.uk/contact/"">
<meta property=""og:type"" content=""website"">
<meta property=""og:title"" content=""Contact Fledger | Get in Touch with Our Finance Experts"">
<meta property=""og:description"" content=""Need help or have questions about Fledger’s smart finance tools? Contact our team for support, product inquiries, partnerships, or general assistance."">
<meta property=""og:image"" content=""https://fledger.co.uk/assets/imgs/home/fledger_dashboard_image.svg"">

<!-- Twitter Meta Tags -->
<meta name=""twitter:card"" content=""summary_large_image"">
<meta property=""twitter:domain"" content=""fledger.co.uk"">
<meta property=""twitter:url"" content=""https://www.fledger.co.uk/contact/"">
<meta name=""twitter:title"" content=""Contact Fledger | Get in Touch with Our Finance Experts"">
<meta name=""twitter:description"" content=""Need help or have questions about Fledger’s smart finance tools? Contact our team for support, product inquiries, partnerships, or general assistance."">
<meta name=""twitter:image"" content=""https://fledger.co.uk/assets/imgs/home/fledger_dashboard_image.svg"">

<!-- Meta Tags Generated via https://www.opengraph.xyz -->"
https://fledger.co.uk/about/,"<!-- HTML Meta Tags -->
<title>About Fledger | Empowering UK Businesses with Smarter Finance</title>About Fledger | Empowering UK Businesses with Smarter Finance
<meta name=""description"" content=""Learn about Fledger—our mission, values, and the team behind the smart finance platform helping UK startups and SMEs take control of their financial future."">

<!-- Facebook Meta Tags -->
<meta property=""og:url"" content=""https://fledger.co.uk/about/"">
<meta property=""og:type"" content=""website"">
<meta property=""og:title"" content=""About Fledger | Empowering UK Businesses with Smarter Finance"">
<meta property=""og:description"" content=""Learn about Fledger—our mission, values, and the team behind the smart finance platform helping UK startups and SMEs take control of their financial future."">
<meta property=""og:image"" content=""https://fledger.co.uk/assets/imgs/home/fledger_dashboard_image.svg"">

<!-- Twitter Meta Tags -->
<meta name=""twitter:card"" content=""summary_large_image"">
<meta property=""twitter:domain"" content=""fledger.co.uk"">
<meta property=""twitter:url"" content=""https://fledger.co.uk/about/"">
<meta name=""twitter:title"" content=""About Fledger | Empowering UK Businesses with Smarter Finance"">
<meta name=""twitter:description"" content=""Learn about Fledger—our mission, values, and the team behind the smart finance platform helping UK startups and SMEs take control of their financial future."">
<meta name=""twitter:image"" content=""https://fledger.co.uk/assets/imgs/home/fledger_dashboard_image.svg"">

<!-- Meta Tags Generated via https://www.opengraph.xyz -->"
https://www.fledger.co.uk/faq/,"<!-- HTML Meta Tags -->
<title>Fledger FAQ | Answers About Our Finance & Accounting Platform</title>Fledger FAQ | Answers About Our Finance & Accounting Platform
<meta name=""description"" content=""Find answers to common questions about Fledger’s accounting, forecasting, invoicing, and pricing features. Get the info you need to grow your business with confidence."">

<!-- Facebook Meta Tags -->
<meta property=""og:url"" content=""https://www.fledger.co.uk/faq/"">
<meta property=""og:type"" content=""website"">
<meta property=""og:title"" content=""Fledger FAQ | Answers About Our Finance & Accounting Platform"">
<meta property=""og:description"" content=""Find answers to common questions about Fledger’s accounting, forecasting, invoicing, and pricing features. Get the info you need to grow your business with confidence."">
<meta property=""og:image"" content=""https://fledger.co.uk/assets/imgs/home/fledger_dashboard_image.svg"">

<!-- Twitter Meta Tags -->
<meta name=""twitter:card"" content=""summary_large_image"">
<meta property=""twitter:domain"" content=""fledger.co.uk"">
<meta property=""twitter:url"" content=""https://www.fledger.co.uk/faq/"">
<meta name=""twitter:title"" content=""Fledger FAQ | Answers About Our Finance & Accounting Platform"">
<meta name=""twitter:description"" content=""Find answers to common questions about Fledger’s accounting, forecasting, invoicing, and pricing features. Get the info you need to grow your business with confidence."">
<meta name=""twitter:image"" content=""https://fledger.co.uk/assets/imgs/home/fledger_dashboard_image.svg"">

<!-- Meta Tags Generated via https://www.opengraph.xyz -->"
https://www.fledger.co.uk/privacy/,"<!-- HTML Meta Tags -->
<title>Fledger Privacy Policy | Protecting Your Business Data</title>Fledger Privacy Policy | Protecting Your Business Data
<meta name=""description"" content=""Read Fledger’s privacy policy to understand how we collect, use, and protect your personal and business financial data in compliance with UK data protection laws."">

<!-- Facebook Meta Tags -->
<meta property=""og:url"" content=""https://www.fledger.co.uk/privacy/"">
<meta property=""og:type"" content=""website"">
<meta property=""og:title"" content=""Fledger Privacy Policy | Protecting Your Business Data"">
<meta property=""og:description"" content=""Read Fledger’s privacy policy to understand how we collect, use, and protect your personal and business financial data in compliance with UK data protection laws."">
<meta property=""og:image"" content=""https://fledger.co.uk/assets/imgs/home/fledger_dashboard_image.svg"">

<!-- Twitter Meta Tags -->
<meta name=""twitter:card"" content=""summary_large_image"">
<meta property=""twitter:domain"" content=""fledger.co.uk"">
<meta property=""twitter:url"" content=""https://www.fledger.co.uk/privacy/"">
<meta name=""twitter:title"" content=""Fledger Privacy Policy | Protecting Your Business Data"">
<meta name=""twitter:description"" content=""Read Fledger’s privacy policy to understand how we collect, use, and protect your personal and business financial data in compliance with UK data protection laws."">
<meta name=""twitter:image"" content=""https://fledger.co.uk/assets/imgs/home/fledger_dashboard_image.svg"">

<!-- Meta Tags Generated via https://www.opengraph.xyz -->"
https://fledger.co.uk/terms-of-use/,"<!-- HTML Meta Tags -->
<title>Fledger Terms of Use | Legal Terms for Our Financial Software</title>Fledger Terms of Use | Legal Terms for Our Financial Software
<meta name=""description"" content=""Review Fledger’s Terms of Use to understand your rights and responsibilities when using our financial and accounting tools for UK businesses."">

<!-- Facebook Meta Tags -->
<meta property=""og:url"" content=""https://www.fledger.co.uk/terms-of-use/"">
<meta property=""og:type"" content=""website"">
<meta property=""og:title"" content=""Fledger Terms of Use | Legal Terms for Our Financial Software"">
<meta property=""og:description"" content=""Review Fledger’s Terms of Use to understand your rights and responsibilities when using our financial and accounting tools for UK businesses."">
<meta property=""og:image"" content=""https://fledger.co.uk/assets/imgs/home/fledger_dashboard_image.svg"">

<!-- Twitter Meta Tags -->
<meta name=""twitter:card"" content=""summary_large_image"">
<meta property=""twitter:domain"" content=""fledger.co.uk"">
<meta property=""twitter:url"" content=""https://www.fledger.co.uk/terms-of-use/"">
<meta name=""twitter:title"" content=""Fledger Terms of Use | Legal Terms for Our Financial Software"">
<meta name=""twitter:description"" content=""Review Fledger’s Terms of Use to understand your rights and responsibilities when using our financial and accounting tools for UK businesses."">
<meta name=""twitter:image"" content=""https://fledger.co.uk/assets/imgs/home/fledger_dashboard_image.svg"">

<!-- Meta Tags Generated via https://www.opengraph.xyz -->"
https://www.fledger.co.uk/blog/,"<!-- HTML Meta Tags -->
<title>Fledger Blog | Finance Insights for UK Startups & Small Businesses</title>Fledger Blog | Finance Insights for UK Startups & Small Businesses
<meta name=""description"" content=""Explore the Fledger Blog for expert insights on business finance, accounting tips, cash flow strategies, and SME growth advice tailored for UK companies."">

<!-- Facebook Meta Tags -->
<meta property=""og:url"" content=""https://www.fledger.co.uk/blog/"">
<meta property=""og:type"" content=""website"">
<meta property=""og:title"" content=""Fledger Blog | Finance Insights for UK Startups & Small Businesses"">
<meta property=""og:description"" content=""Explore the Fledger Blog for expert insights on business finance, accounting tips, cash flow strategies, and SME growth advice tailored for UK companies."">
<meta property=""og:image"" content=""https://images.unsplash.com/photo-1730829807502-a36f0937d223?q=80&w=3472&auto=format&fit=crop&ixlib=rb-4.0.3&ixid=M3wxMjA3fDB8MHxwaG90by1wYWdlfHx8fGVufDB8fHx8fA%3D%3D"">

<!-- Twitter Meta Tags -->
<meta name=""twitter:card"" content=""summary_large_image"">
<meta property=""twitter:domain"" content=""fledger.co.uk"">
<meta property=""twitter:url"" content=""https://www.fledger.co.uk/blog/"">
<meta name=""twitter:title"" content=""Fledger Blog | Finance Insights for UK Startups & Small Businesses"">
<meta name=""twitter:description"" content=""Explore the Fledger Blog for expert insights on business finance, accounting tips, cash flow strategies, and SME growth advice tailored for UK companies."">
<meta name=""twitter:image"" content=""https://images.unsplash.com/photo-1730829807502-a36f0937d223?q=80&w=3472&auto=format&fit=crop&ixlib=rb-4.0.3&ixid=M3wxMjA3fDB8MHxwaG90by1wYWdlfHx8fGVufDB8fHx8fA%3D%3D"">

<!-- Meta Tags Generated via https://www.opengraph.xyz -->"